"Record ID","Auditor initials","University name","Is the University part of the Group of 8?   These are:  - Australian National University  - Monash University  - The University of Adelaide  - The University of Melbourne  - The University of Sydney  - The University of Queensland  - The University of Western Australia  - University of New South Wales","'research integrity'? ","Definition of 'research integrity'","'research quality'?","Definition of 'research quality'","'research misconduct'?","Definition of 'research misconduct'","Comments on definitions","all research on humans must be approved by an appropriate Ethics Committee?","all research on animals must be approved by an appropriate Ethics Committee?","Comments on ethics","study protocols of clinical trials should be publicly registered?",Comments,"study protocols of other study designs should be publicly registered?",Comments,"analysis protocols should be publicly registered?",Comments,"study data should be made publicly available?",Comments,"analysis code should be made publicly available?",Comments,"findings should be published on open access platforms?",Comments,"Is there University funding to support open access publication?","reporting guidelines (e.g. from journals, professional associations, or the EQUATOR network) should be used in reporting research?",Comments,"conflicts of interest should be declared? ",Comments,"researchers should receive training in research integrity and other areas (e.g. research supervision, data management, peer review, publishing 'negative' findings)? ",Comments,"fabricating data","selectively deleting or modifying data after performing initial data analysis","selectively reporting results (e.g. not publishing a valid 'negative' finding)","performing analyses until statistically significant results are obtained (i.e. p-hacking)","hypothesizing after results are known","Comments on misbehaviours",Complete?
1,Y.K,"The University of Adelaide",Yes,No,,No,,"Yes, specific","In the research misconduct procedure definitions: A serious Breach of the Code which is also intentional or reckless or negligent. Repeated or continuing findings of Breaches of the Code may also constitute Research Misconduct. Research Misconduct does not include honest differences in judgement.","The Responsible Conduct of Research Policy has no definitions with regards to research integrity or research quality, only a brief mention that they broadly endorses the principles in the Code",Yes,Yes,"In the Responsible Conduct of Research Policy, there is no details as to which kind of research requires ethics approval.  Specific mentioning of animal and human ethics approval stated in the research student handbook. ",No,,No,,No,,"Yes, required","Researchers' responsibility: Maintain accurate, complete, reliable and authentic records of their research methods, data, materials and findings, including any approvals. These records need to be in a durable, organised and accessible format, along with associated metadata.",No,,"Yes, advised","In the research data and primary materials policy, it only mentions that public funded projects should make findings publicly accessible but has no mention that all projects are required to be published on open access platforms. ",Yes,No,,"Yes, required","Conflict of interest procedure requires the disclosure of conflicts of interest.","Yes, required","Training requirements stated in the research student handbook.  The university will support to conduct research integrity training.   It seems that it is necessary for research students but vague with regards to requirement for staff.","Yes, required","Yes, advised","Yes, advised",No,No,"Misrepresentation and falsification of study data and results are mentioned which would broadly cover selective deleting or modifying of data and selectively reporting results, but does not specifically mention the misbehaviour.",Incomplete
2,Y.K,"Australian Catholic University",No,No,,No,,"Yes, specific","Research misconduct is a serious breach of the RCoC which is also intentional or reckless or negligent. Repeated or persistent breaches, even those that individually are deemed to be minor, may also constitute research misconduct. Honest errors and differences in judgement do not generally constitute research misconduct, except where they result from recklessness and/or negligence. Finding that a breach or breaches meets the definition of 'research misconduct' can assist in determining the appropriate course of action, and trigger associated processes, including disciplinary action.","No mention of how research integrity and quality are defined. ",Yes,Yes,"Describes proceeding without the necessary approvals as a breach of the research code but has no mention of human ethics or animal ethics approvals.  Only mentions risking the well being of animals and the safety of human participants as a breach of the code. ",No,,No,,No,,"Yes, required","Research Data Management Policy 1.7:   To optimise research outcomes, Research Data must be: Held in appropriate, University approved facilities that allow access to be managed as required; and,  • Made accessible for use and reuse, and/or disposed of, according to legal, statutory, ethical and funding bodies' requirements.",No,,"Yes, advised","In Research publication Policy:   It is also necessary to comply with recent policy changes announced by the ARC and NHMRC. Both policies stipulate that publication metadata must be submitted to the institutional repository as soon as possible after the paper is accepted for publication, and that publications arising from funded research be deposited into an open access repository within 12 months from the date of publication.",Yes,"Yes, advised","In research publication policy:  Faculties and discipline areas have a responsibility to ensure that the research publication outputs meet appropriate definitional and quality standards. The ODVCR is responsible for compiling the HERDC and ERA publications information and for establishing information collection procedures.","Yes, required","In research code of conduct:  - Failure to manage CoI is listed as a breach of the code.   More information should be found on the ACU Policy on Conflicts of Interest in Research which cannot be found on ACU policies website or through Google search.","Yes, advised","In the HDR supervision policy: 14.1. HDR supervisors (Full and Provisional) are expected to develop their supervision skills through participation in University training programs, supervision training programs and through the practice of supervision.    ","Yes, required","Yes, advised","Yes, advised",No,No,,Incomplete
3,Y.K,"Australian National University ",Yes,"Yes, default",,"Yes, default",,"Yes, specific","Research misconduct means significant behaviour that improperly appropriates the intellectual property or contributions of others, that intentionally impedes the progress of research, or that risks corrupting the research record or compromising the integrity of research practices, including such behaviours that are unethical and unacceptable in proposing, conducting or reporting research, or in reviewing the proposals or research reports of others.","With regards to research integrity and quality, the responsible conduct of research policy defaults to brief mentions of the principles listed in the code, such as Honesty, Rigour and Transparency. No specific definition. ",Yes,Yes,"Mentioned in responsible conduct of research policy and conduct of research policy that ethics guidelines need to be complied with and that ethics approvals need to be obtained. Specific reference to animal and human ethics committees found on the relative ethics webpages. ","Yes, required","19. ANU researchers register clinical trials with a recognised register to promote access to information about all clinical trials.  20. Requirements covered in Ethics, Permits and other Approvals apply to clinical trials.",No,,No,,"Yes, advised","Retain clear, accurate, secure and complete records of all research including research data and primary materials for an appropriate period of time. Where possible and appropriate, allow access and reference to these by interested parties.",No,,"Yes, required","15. Disseminate research findings responsibly, accurately and broadly. Where  necessary, take action to correct the record in a timely manner.  ANU researchers create and maintain research data and records that are:able to be made available to others in line with appropriate legal, ethical, data sharing and open access principles.  ANU researchers take all reasonable steps to: publish in an open access format and deposit a copy of the publication in an ANU repository;",Yes,No,,"Yes, required","17. Disclose actual, potential or perceived conflicts of interest and ensure these are  managed effectively.","Yes, required","ANU Researchers are to:   4. Undertake and promote education and training in the responsible conduct of research.  ANU researchers, particularly supervisors of higher degree by research students:  􏰂 ensure effective and timely training of research trainees under their supervision. Training encompasses discipline-based research methods, ethics and other relevant skills, such as the ability to interact with users, research subjects, industry and diverse communities;",No,No,No,No,No,,Incomplete
4,Y.K,"Bond University",No,"Yes, default",,No,,"Yes, specific","Research misconduct is a failure to adhere to high standards of professional conduct and integrity and to the principles contained in this Policy, the Research Misconduct Policy, and the principles of the National Code.","With research integrity, it is mentioned that researchers need to adhere to the highest standards of integrity as well as adhere to the principles in the Code, mentioning honesty, justice, truth and respect. However, no specific definition noted. ",Yes,Yes,"2.7. Where research procedures require approval by a human or animal research ethics committee, by a biosafety committee, or any other regulatory committee, such research must not proceed without approval from the relevant Committee.",No,,No,,No,,"Yes, required","To optimise research outcomes, Research Data and Primary Materials must be stored, retained, documented and/or described, made accessible for use and re-use, and/or disposed of, according to legal, statutory, ethical and funding body requirements.",No,,"Yes, advised","Where possible, material representing the total publicly available research and scholarly output of the University is to be deposited in the University's open access digital repository",Yes,"Yes, advised","Endorses the EQUATOR NETWORK guidelines but does not make it mandatory. ","Yes, required"," The responsible conduct of research requires disclosure of any potential conflict of interest whether real or perceived.","Yes, advised","Each research student should be provided with training to inform them of current government and University policies for the conduct of research, including those which deal with ethical requirements for research involving human and animal subjects; intellectual property; requirements for confidentiality; and occupational health and safety matters.    Doesn't mention that training is mandatory and is only encouraged.","Yes, required","Yes, advised","Yes, advised",No,No,,Incomplete
5,Y.K,"University of Canberra",No,"Yes, specific","Honesty: at all stages of the research process, information presented will be truthful and accurate, and any claims made justifiable;Respect and Fairness: all human participants, animals used in research, as well as communities and the environment affected by the research will be treated with care and respect.In addition, all researchers involved in the conduct of research will be treated fairly;Accountability: all researchers will take responsibility for the research they conduct and report on, ensuring compliance with all relevant requirements, including policies, regulation and legislation, and agreements entered into;","Yes, specific","Care: research will be conducted with a high degree of rigour, characterised by robust design, attention to detail, thoroughness and objectivity in reporting, and transparency in disclosing interests;","Yes, specific","3.5 Research misconduct is a serious research conduct breach, which is also intentional or reckless or negligent.",,Yes,Yes,"In the guidelines for compliance with regulation policy.   2.1 All research involving humans as subjects or participants, including use of their body organs, tissues or fluids, must adhere to the National Statement on Ethical Conduct in Human Research. In most cases, compliance will entail researchers having to seek approval for the conduct of their projects through the Human Research Ethics Committee (HREC);  3.1 All projects undertaken at the University that involve the use of animals either for research, teaching or other experimental study must be approved by the Animal Ethics Committee (AEC);",No,,No,,No,,"Yes, advised","In Management of Research Data and Primary matters:   3.5. Data must be easily identifiable and accessible.  ",No,,"Yes, advised","5.1. Unless it is prevented by ethical, privacy, or confidentiality matters, consideration must be given to the availability of data for use by other researchers for further research as well as availability via open access or controlled access.",Yes,No,,"Yes, required","Researchers will disclose any actual, perceived or potential conflicts of interest. Failure to do so will often compromise the integrity and trustworthiness of any work they undertake as part of the research process, including proposal development, research, publication, and review activity;","Yes, required","The completion of Research Integrity training will be a mandatory requirement for all new academic staff as well as HDR students.  Research Integrity training will also be recommended for existing academic staff;","Yes, required","Yes, advised","Yes, required",No,No,,Incomplete
6,Y.K,"Curtin University ",No,No,,No,,"Yes, specific","A breach of The Code is defined as ""a failure to meet the principles and responsibilities of the Code, and may refer to a single breach or multiple breaches"". Breaches of The Code may be considered misconduct or serious misconduct for staff as described in the Curtin University Academic, Professional and General Staff Enterprise Agreement, or misconduct for students as described in Statute No. 10 - Student Discipline for students.",,Yes,Yes,"Found in the research management policy 2.15 and 2.16 ",No,,No,,No,,"Yes, advised","Research data will be made as open as possible and closed as necessary, in accordance with the Authorship, Peer Review and Publication of Research Outputs Policy,",No,,"Yes, advised","Curtin requires the following research outputs will be made openly available after publication, subject to publisher permissions, via Curtin's institutional repository as soon as possible; or via peer reviewed open access journal publications, conference proceedings, book or book chapters, and other outlets where appropriate:    Other research outputs are only encouraged to be published on open access platforms. ",Yes,No,,"Yes, required","Breach of the code includes: Failure to disclose conflicts of interest.  Where an individual identifies that they have a competing private interest that may represent a conflict of interest, they will disclose that interest via the online Conflict of Interest Register as soon as practicable.","Yes, required","Staff and Higher Degree by Research students undertaking research will complete the Research Integrity provided by the University within six months of appointment for staff or prior to completion of milestone 1 for Higher Degree by Research students","Yes, required","Yes, advised","Yes, advised",No,No,,Incomplete
7,Y.K,"Deakin University",No,"Yes, default",,No,,"Yes, specific","serious research code breach: (previously known as 'research misconduct'): refers to more serious or deliberate research code breach that involves: i. intent or deliberation, recklessness or gross and persistent negligence; and/or ii. serious consequences, such as false information on the public record, or adverse effects on research participants, animals or the environment.","a more specific research integrity definition could be found in the research integrity website which is only accessible by signing in.",Yes,Yes,"(12) Researchers will obtain written approval from the appropriate ethics committees, safety and other regulatory bodies, where relevant for:  a. Research using human participants, (including University staff or students) via the University's human research ethics approval process  b. Research using animals via the University's animal ethics research approval process  ","Yes, required","(9) Researchers will take all reasonable steps to ensure that disseminated research is accurate and properly reported by:  e. registering all clinical trials with a recognised register in order to promote access to such information",No,,No,,"Yes, advised","(23) Researchers should make research data available for the use by other researchers unless the research data should not be shared due to legal, privacy or confidentiality matters, subject to ethical approval and agreements with research participants.",No,,"Yes, required","(17) All research publications will be made available to anyone on the web, except where this is restricted by copyright law, publisher policy or embargo. If researchers wish material to not be made publicly available they must gain written permission from the Deputy Vice-Chancellor Research for it to be confidential.",Yes,No,,"Yes, required","(31) Researchers will disclose and manage any actual, potential or perceived conflicts of interest in the course of research according to the Code and Conflict of Interest procedure.","Yes, required","(23) Supervisors are responsible for ensuring that research students under their supervision meet relevant research integrity compliance obligations. Supervisors will train, mentor, support and provide oversight of research outcomes according to the Code and the Higher Degrees by Research (HDR) Supervision procedure. Supervisors are responsible for the health and safety of any student or staff involved in or affected by the research.  (24) Research students will participate in induction and training in the responsible conduct of research and comply with the University's Higher Degrees by Research (HDR) policy.","Yes, required","Yes, advised","Yes, advised",No,No,,Incomplete
8,Y.K,"Flinders University",No,"Yes, specific","Schedule 1: P1,P3, P4, P5 ","Yes, specific","Schedule 1: P2","Yes, specific","A serious breach which is also intentional, reckless or negligent will be regarded as Research Misconduct.",,Yes,Yes,"Located on websites for human ethics and animal ethics.","Yes, required","5.3.2 Researchers must register clinical trials with the Australian New Zealand Clinical Trials Registry prior to the commencement of the clinical research.",No,,No,,"Yes, advised","3.4.3 At the completion of a project, or suitable project phase, research data should normally be made available under an open access licence (such as a Creative Commons licence) or by controlled access through a system of permissions and authentications, in accordance with relevant contractual and other requirements.",No,,"Yes, required","  Publications will be made freely available as soon as possible, subject to relevant legal and contractual requirements, including those of funding bodies and publishers, via the University's open access repository.",Yes,No,,"Yes, required","4.1 All staff members must disclose and record on the University's Conflict of Interest Register (hereafter referred to as 'the Register') any actual, potential or perceived conflicts of interest as soon as they become aware of any such conflict.","Yes, advised","R16 Undertake and promote education and training in responsible research conduct.","Yes, required","Yes, advised","Yes, advised",No,No,,Incomplete
9,Y.K,"Griffith University ",No,No,,No,,"Yes, specific","Research Misconduct means major, serious breach(es) of the Code, including intentional or reckless or negligent behaviour. Repeated or persistent breaches will likely constitute a serious breach (the Guide, Section 2.2). Research misconduct is considered serious misconduct within the Griffith University Academic Staff Enterprise Agreement 2017-2021 and the Griffith University Professional and Support Staff Enterprise Agreement 2017-2021 (See Part 1, Clause 10).","Definitions for research integrity and quality may be found in the ethics manual that requires staff or student access. ",No,Yes,"Unable to access as ethics manual requires login, but does list not getting the appropriate approvals as a breach of the code. ",No,,No,,No,,No,,No,,No,,,No,,"Yes, required","all conflicts of interest, regardless of their character or level, will be identified, disclosed and  managed","Yes, advised","       the responsibility of the Head of Element to ensure that:  applicants are advised as to the availability of facilities including access to physical space and other resources and are advised as to the financial support available to them  all commencing candidates are provided with procedures by which candidates may make representations to the Head of Element or Dean if they believe that their work is not proceeding satisfactorily for reasons outside their control  candidates are provided with appropriate opportunities by way of seminars and the like to develop their skills at presenting their work as well as facilitating their integration into a cohesive group  candidates are provided with the appropriate opportunities to interact with and develop profitable intellectual relationships among candidates and staff, and that candidates are encouraged to participate in appropriate element and group activities  candidates are encouraged to participate in training and other activities (seminars, forums) offered within the University","Yes, required","Yes, advised","Yes, advised",No,No,,Incomplete
10,Y.K,"James Cook University",No,"Yes, specific","Honesty in the development, undertaking and reporting of research Present information truthfully and accurately in proposing, conducting and reporting research. Transparency in declaring interests and reporting research methodology, data and findings Share and communicate research methodology, data and findings openly, responsibly and accurately. Disclose and manage conflicts of interest.","Yes, specific","Rigour in the development, undertaking and reporting of research Underpin research by attention to detail and robust methodology, avoiding or acknowledging biases.","Yes, specific","Research misconduct is a serious breach of the Research Code when it is also: a. intentional or b. reckless or c. negligent.  5/15 Research misconduct does not include honest differences in judgement. Unintentional errors do not constitute research misconduct unless they result from behaviour that is reckless or negligent. Repeated or persistent breaches will likely constitute a serious breach, which may be regarded as Research Misconduct.",,Yes,Yes,"Comply with the relevant laws, regulations, disciplinary standards, ethics guidelines and institutional policies related to responsible research conduct. Ensure that appropriate approvals are obtained prior to the commencement of research, and that conditions of any approvals are adhered to during the course of research.  But not specific to the human or animal ethics committee.","Yes, required","In relation to clinical trial and cohort studies involving participants or health interventions, the trial must be registered on a publicly accessible register complying with international standards before the recruitment of the first participant;","Yes, advised","if appropriate, researchers should consider registering research plans or protocols prior to the commencement of research.","Yes, advised","if appropriate, researchers should consider registering research plans or protocols prior to the commencement of research.","Yes, advised","Researchers have a responsibility to their colleagues and the wider community to disseminate a full and transparent account of their research as broadly as possible,",No,,"Yes, advised","Researchers should communicate their research findings in easily accessible forms to the widest appropriate audiences, including research end-users such as government, industry, not-for-profit organisations, consumers and the general public.",Yes,No,,"Yes, required","Responsibility 24: Disclose and manage actual, potential or perceived conflicts of interest.  ","Yes, required","Responsibility 16: Undertake and promote education and training in responsible research conduct.","Yes, required","Yes, advised","Yes, required",No,No,,Incomplete
11,Y.K,"Macquarie University",No,"Yes, default",,"Yes, default",,"Yes, specific","A breach of the Macquarie Research Code which is considered serious and is also intentional or reckless or negligent may be considered research misconduct. ",,Yes,Yes,"3.4 and 3.5 of the Macquarie University Code for the Responsible conduct of research.   ",No,,No,,No,,"Yes, advised","In Research data management standards:   Subject to ethical, contractual and legal limitations, researchers are encouraged to make available to other researchers data, records and materials for wider use;",No,,"Yes, required","Open Access Policy:   (6) All refereed, revised, final draft research manuscripts will be deposited in the Macquarie University Digital Repository, Macquarie University ResearchOnline, after their acceptance for publication. Books or chapters in books may be self-archived at the author's discretion",Yes,No,,"Yes, required","3.11 of the Macquarie University Code for the Responsible conduct of research. ","Yes, required","3.3 of the Macquarie University Code for the Responsible conduct of research.   Researchers must undertake and promote education and training in responsible research conduct. ","Yes, required","Yes, required","Yes, advised",No,No,,Incomplete
12,Y.K,"The University of Melbourne",Yes,"Yes, specific","Research integrity means that research is trustworthy. To ensure trustworthiness, we use sound research methods. And we describe research outcomes with honesty and accuracy.",No,,"Yes, specific"," 5.30. Research misconduct is constituted by a failure to comply with the principles or specific provisions of the code and includes but is not limited to conduct in, or in connection with, research that is: (a) dishonest, reckless or negligent; and (b) seriously deviates from accepted standards within the scientific and scholarly community for proposing, conducting or reporting research, including, but not limited to: i. the fabrication or falsification of data or results; ii. the use of another person's ideas, work or data without appropriate acknowledgement; iii. misleading ascription of authorship to a publication including the listing of authors without their permission, attributing work to people who have not in fact contributed to the publication, the lack of appropriate acknowledgement of work primarily produced by a research student/trainee or associate; and iv. failure to disclose conflicts of interest or cases where a conflict of interest might reasonably be perceived to exist.",,Yes,Yes,"5.26. Any special standards of work performance and ethical conduct imposed by law or by the University in relation to particular categories of research are deemed to be included in this policy in its application to persons engaged in that kind of research in the University. These include that where research procedures are of a kind requiring approval by a human or animal ethics committee, gene technology and biosafety committee or by a safety or other validly constituted regulatory committees, research must not proceed without such prior approval.",No,,No,,No,,No,,No,,"Yes, required","plan for the ongoing custodial responsibilities for the research data and records at the conclusion of the research project or on departure from the University, including information about access and potential re-use of the data and future deposit into open access research databases where such action complies with all legal, ethical and confidentiality agreements on the data, including copyright, privacy and intellectual property",Yes,No,,"Yes, required","5.15. When applying for, accepting and conducting research using external funding, research workers must fully declare and manage all conflicts of interest","Yes, advised","Researchers adhere to the following responsibilities:  Undertake education and training in research integrity.","Yes, required","Yes, advised",No,No,No,,Incomplete
13,Y.K,"Monash University",Yes,No,,No,,No,,,Yes,Yes,"Found in documents on the ethical research and approval for human and animal research.",No,,No,,No,,No,,No,,"Yes, required","3.2.5 When seeking to publish or present a research output, the author or Executive Author must: comply with any Open Access requirements to lodge or register publications in the Monash University repository.",Yes,No,,"Yes, required","COI policy: You must be transparent about any perceived, potential or actual conflict of interest ensuring declarations are made at an early stage and/or seek advice from our Ethical Conduct Manager when doubt exists.","Yes, required",,No,No,No,No,No,,Incomplete
14,Y.K,"Murdoch University",No,No,,No,,"Yes, specific","""Research misconduct"" is a possible outcome of an Investigation conducted under this policy and its accompanying procedure.","Definition for research misconduct may be more specific in the research integrity procedure which requires staff access.",Yes,Yes,"Found in human research ethics policy clause 5 and animal ethics policy clause 7 respectively. ",No,,No,,No,,No,,No,,No,,,No,,"Yes, required","An example of research integrity breach is : Conflicts of interest   Failure to disclose and manage conflicts of interest.","Yes, required","7. Researchers must undertake education and training in research integrity and promote responsible research conduct.","Yes, required","Yes, advised","Yes, advised",No,No,,Incomplete
15,Y.K,"University of Newcastle",No,No,,No,,"Yes, specific","(12) Research misconduct means conduct that involves: a. a breach of the Australian Code for the Responsible Conduct of Research; b. intent and deliberation, recklessness or gross and persistent negligence; and c. serious consequences such as false information on the public record, or adverse effects on research participants, animals or the environment.",,Yes,Yes,"Mentions only in collaborative research but not individually conducted research under the university. ","Yes, required","(16) UON Researchers are required to register clinical trials with the Australian and New Zealand Clinical Trials Registry, to promote access to information about all clinical trials.  ",No,,No,,"Yes, advised","(22) Research Data and Primary Materials should be made available for use by other researchers for further research unless precluded by the conditions under which they were obtained or privacy and/or confidentiality requirements.",No,,No,,,No,,"Yes, required","(14) All perceived, actual or potential conflicts of interest must be disclosed promptly and proactively, in accordance with the Conflict of Interest Procedure.  (15) Disclosure of a conflict of interest must occur even if any related personal interest has previously been declared or registered.  ","Yes, required","d. Research trainees will be responsible for undertaking all induction and other training courses as soon as practical after starting research at the University, and for playing an active role in the supervision process.","Yes, required","Yes, advised","Yes, advised",No,No,,Incomplete
16,Y.K,"Queensland University of Technology",No,No,,No,,"Yes, specific","Serious (major) breaches of the QUT Research Code may be considered to constitute research misconduct if the breach is also intentional or reckless or negligent or is repeated or persistent.","Explanations of research integrity and research quality could potentially be found in Good Practice guidelines for Higher Degree Research Studies and Supervision ( requires staff access)",No,No,"Research involving human participants, their data or tissue must be approved and monitored by the University Human Research Ethics Committee (D/6.5) or other ethical review body.  Activities involving the use of animals for scientific purposes (research and teaching) must be approved and monitored by the University Animal Ethics Committee (D/6.7).","Yes, required","all clinical trials and if appropriate, other study types, must be registered with a recognised register.","Yes, required","all clinical trials and if appropriate, other study types, must be registered with a recognised register.",No,,"Yes, required","QUT requires staff and students to share research data and primary materials as appropriate, during the course of the research, at publication and at completion.  ",No,,"Yes, required","Researchers need to deposit the appropriate version of refereed research articles and published conference papers to QUT ePrints either upon acceptance for publication or as soon as a Digital Object Identifier (DOI) has been issued for the work.",Yes,No,,"Yes, required","Staff and students have a responsibility to disclose and appropriately manage all research related conflicts of the interest in accordance with QUT's Conflict of interest policy ","Yes, required","All researchers will undertake training in relevant research policies and procedures and the University's expectations for ethical and responsible behaviour.",No,No,No,No,No,,Incomplete
17,Y.K,"RMIT University ",No,"Yes, default",,"Yes, default",,"Yes, specific","Deliberate, reckless or persistent negligence in proposing, carrying out or reporting the results of research, including fabrication, falsification, plagiarism or deception in proposing, carrying out or reporting the results of research, failure to declare or manage a serious conflict of interest, the avoidable failure to follow research proposals as approved by a research ethics committee, or wilful concealment or facilitation of research misconduct by others. It does not include honest differences in judgment in management of the research project or honest errors that are minor or unintentional, which may be classified as breaches. Repeated breaches of good research practice or RMIT research policy may also constitute research misconduct.",,Yes,Yes,"3.14 and 3.21 of research policy",No,,No,,No,,"Yes, advised","8.1. Make research data available to other researchers and support reuse of research data, where possible. When you cannot make the research data available, make the research metadata available.",No,,"Yes, required","Where it is a funding requirement, researchers will ensure that their research results are available via open access. If researchers are unable to do so, they must fulfil funding body requirements in this area, for example the ARC and NHMRC require the researcher to include an explanation in the final report for the relevant grant if the researcher is unable to disseminate an open access copy of a research output within 12 months from the date of publication.",Yes,"Yes, advised","1.4. Researchers will take all reasonable steps to ensure their research findings or observations are accurate and properly communicated and reported. If they become aware of misleading or inaccurate statements in their work, they will correct the record as soon as possible. This could involve corrections or retractions, and will be done in line with the publication's guidelines.","Yes, required","(8) All staff who work for, or with, the RMIT Group:  c. must declare any situations that give rise to an actual, perceived or potential conflict of interest; ","Yes, required","(6) Researchers undertake education and training in the responsible conduct of research, and work to foster a culture of research ethics and integrity at RMIT and beyond.","Yes, required","Yes, advised","Yes, advised",No,No,,Incomplete
18,Y.K,"University of Tasmania",No,No,,No,,"Yes, specific","Research misconduct does not include honest differences in judgement in the management of a research project, and may not include honest errors that are minor or unintentional. A breach is a less serious deviation from the Code and / or relevant University research policy that lacks the seriousness of consequence or wilfulness to constitute research misconduct. Research misconduct refers to more serious or deliberate deviations which involve all of the following: • an alleged breach of the Australian Code for the Responsible Conduct of Research (the Code) • intent and deliberation, recklessness or gross and persistent negligence • serious consequences, such as false information on the public record, or adverse effects on research participants, animals or the environment.",,Yes,Yes,"R17 Comply with the relevant laws, regulations, disciplinary standards, ethics guidelines and institutional policies related to responsible research conduct. Ensure that appropriate approvals are obtained prior to the commencement of research, and that conditions of any approvals are adhered to during the course of research.  --> not specific as to animal or human research and the relative ethics committees ",No,,No,,No,,"Yes, advised","R22 Retain clear, accurate, secure and complete records of all research including research data and primary materials. Where possible and appropriate, allow access and reference to these by interested parties.",No,,"Yes, advised"," University researchers will manage University research data in accordance with national and international standards for open access including standards for Indigenous data governance.  University researchers will develop research outputs in accordance with national and international standards and, wherever possible, share research outputs as openly for free dissemination to support knowledge creation and increase the value, in""uence, and impact of their research to the end-users of research in local, national, and global communities and the academy.",Yes,No,,"Yes, required","Failure to declare or manage a serious conflict of interest is an example of research misconduct.","Yes, required","Researchers are expected to:  R16 Undertake and promote education and training in responsible research conduct.","Yes, required","Yes, advised","Yes, advised",No,No,,Incomplete
19,Y.K,"University of New South Wales",Yes,"Yes, specific","Principles 1,3,4,6,7,8","Yes, specific","Principles 2,5,7,8","Yes, specific","Research Misconduct is a serious Breach of the Research Code , which is also intentional, reckless or negligent. However, it is important to note that: a) Research Misconduct does not include honest differences in judgement or unintentional errors (unless they result from behaviour that is reckless or negligent) b) repeated or persistent breaches will likely constitute a serious breach, which may amount to Research Misconduct.",,Yes,Yes,,No,,No,,No,,"Yes, required","Researchers must make available any research data and materials related to publications for discussion with other researchers. Where confidentiality provisions apply (for example, where the researchers or the institution have given undertakings to third parties, such as the subjects of the research), it is desirable for researchers to keep data in a way that allows necessary third parties to reference the information without breaching such confidentiality.",No,,"Yes, required","UNSW requires all staff and students who are engaged in research to make research outputs openly available and deposit the appropriate version of their research outputs into the institutional repository within twelve months of publication for the purpose of providing open access to their research.  UNSW staff and students are also encouraged to make their research outputs available through subject specific repositories or via peer reviewed open access journal publications, conference proceedings, book or book chapter and other outlets where appropriate.  ",Yes,No,,"Yes, required","Principle 3 and Responsibility 11","Yes, required","Responsibility 3","Yes, required","Yes, advised","Yes, advised",No,No,,Incomplete
20,Y.K,"The University of Queensland",Yes,"Yes, default",,"Yes, default",,"Yes, specific"," A serious breach of this policy and/or the Code that is also intentional or reckless or negligent may be considered research misconduct.",,Yes,Yes,"Clause 2.3.4 --> does not specify animal or human research ethics approval requirements",No,,No,,No,,"Yes, advised","2.3.9 Retain clear, accurate, secure and complete records of all research including research data and primary materials. Where possible and appropriate, allow access and  reference to these by interested parties.",No,,No,"2.3.10. Disseminate research findings responsibly, accurately and broadly. Where necessary, take action to correct the record in a timely manner.",,No,,"Yes, required","2.3.11. Disclose and manage actual, potential or perceived conflicts of interest.","Yes, required","2.3.3. Undertake and promote education and training in responsible research conduct.",No,No,No,No,No,,Incomplete
21,Y.K,"The University of Sydney",Yes,"Yes, specific","Principles of honesty, transparency, fairness, respect","Yes, specific","Principle of rigour","Yes, specific","Clause 20. Research misconduct is a serious breach of this policy which is also: (a) intentional; (b) reckless; or (c) negligent.  ",,Yes,Yes,"Clause 8.3 and 8.4","Yes, required"," Researchers must register clinical trials in the Australian New Zealand Clinical Trials Registry, or an equivalent registry in the World Health Organisation (WHO) Registry Network to promote access to information about all clinical trials.",No,,No,,"Yes, required",,No,,No,,,No,,"Yes, required",,"Yes, required",,"Yes, required",No,No,No,No,,Incomplete
22,Y.K,"University of Technology Sydney ",No,"Yes, default",,"Yes, default",,No,,"other documents required staff access, hence definition for research misconduct could be in these policies or guidelines.",Yes,Yes,"clauses 4.1 and 4.2","Yes, default","More details could potentially be found in guidelines for clinical trials which require staff access.",No,,No,,"Yes, advised","Research data should be made as accessible as possible to interested parties, in line with the Open Access Policy, with the following limitations:  • where commercial, commercialisation, legal, technical, privacy or ethical constraints exist that prevents sharing of data  • the researchers have the right to keep research data associated with publications confidential until the results have been published.",No,,"Yes, required",,Yes,No,,"Yes, required","4.6.1 All those under the scope of this policy are expected to disclose and manage any actual, potential or perceived conflicts of interest. Conflicts of interest in research may include financial conflicts but may also include personal and professional conflicts as well as matters of institutional advantage.  ",No,,No,No,No,No,No,,Incomplete
23,Y.K,"The University of Western Australia",Yes,"Yes, default",,No,,"Yes, specific","(A).	Research Misconduct means a serious breach of the Research Code which is also intentional or reckless or negligent.",,Yes,Yes,"(B).	Researchers  will -  (1).	obtain the appropriate reviews and approvals prior to the commencement of Research from the following, which includes, but is not limited to -  (a).	Animal Ethics;  (e).  Human Ethics; ","Yes, required","13.B.(8).	register clinical trials at Australian New Zealand Clinical Trials Registry and ensure that a Clinical Trials Notification is lodged with the Therapeutic Goods Administration when required. ",No,,No,,"Yes, advised","(3).	make available for discussion with other Researchers all Research data related to publications  in accordance with FAIR Principles where confidentiality restrictions do not apply. FAIR Principles means findable, accessible, interoperable and reusable. Further information is available at https://www.go-fair.org/fair-principles/;  (6).	where confidentiality provisions apply, retain Research data in such a way that reference to the data by third parties may occur without breaching the confidentiality provisions;",No,,"Yes, required","(7).	adhere to the Open Access requirements of funding bodies, particularly the Open Access Policy of the Australian Research Council and the Open Access Policy of the National Health and Medical Research Council as referred to in the Research Integrity Policy Guideline;  (9).	make publications available on Open Access under the most appropriate Creative Commons licence, and preferably the CC-BY licence.",Yes,No,,"Yes, required","5. (A).	Researchers will disclose Potential, Perceived or Actual Conflicts of Interest in accordance with the Conflicts of Interest Policy.","Yes, required","(B).	Researchers, in accordance with the Tertiary Education Quality and Standards Agency, will be compliant with Researcher Training Framework(RTF).","Yes, required","Yes, advised",No,No,No,,Incomplete
24,Y.K,"Western Sydney University ",No,"Yes, specific","(10) Integrity requires researchers to: a. primarily serve scholarly and public interests; b. achieve and maintain the highest standards of intellectual honesty and ethical practice in the conduct of all aspects of their research; and c. only participate in work they are competent to perform and which conforms to accepted ethical standards, University policies and procedures and prevailing legislation.",No,,"Yes, specific","(60) Examples of misconduct include but are not limited to the following: a. Misappropriation: A researcher or reviewer shall not intentionally or recklessly i. plagiarise, which shall be understood to mean the presentation of the documented words or ideas of another as his or her own, without attribution appropriate for the medium of presentation; ii. make use of any information in breach of any duty of confidentiality associated with the review of any manuscript or grant application; iii. intentionally omit reference to the relevant published work of others for the purpose of inferring personal discovery of new information. b. Interference: A researcher or reviewer shall not intentionally and without authorisation take or sequester or materially damage any research-related property of another, including without limitation the apparatus, reagents, biological materials, writings, data, hardware, software, or any other substance or device used or produced in the conduct of research. c. Misrepresentation: A researcher or reviewer shall not with intent to deceive, or in reckless disregard for the truth, i. state or present a material or significant falsehood, or ii. omit a fact so that what is stated or presented as a whole states or presents a material or significant falsehood.",,Yes,Yes,"Clause 17.D",No,,No,,No,,"Yes, required","  (11) A research data management plan must:  c. ensure research data are available for access and re-use where possible and under appropriate safeguards.",No,,"Yes, required","(8) Subject to any intellectual property, commercial, privacy and/or ethical constraints researchers will, as soon as possible, make publications and data arising out of research openly available for re-use and citation. Research funding agreements may require that publications and data created through the funded research be made available within a defined timeframe.  ",Yes,No,,"Yes, required","Clause 39.a","Yes, required","Clause 38","Yes, required","Yes, advised","Yes, required",No,No,,Incomplete
25,Y.K,"University of Wollongong",No,"Yes, specific","Principles of Honesty, transparency, fairness, respect","Yes, specific","Principles of Rigour ","Yes, specific","A serious breach of the Code which is also intentional or reckless or negligent.",,Yes,Yes,"Clause 7.3",No,,No,,No,,"Yes, advised"," Researchers are encouraged to make their research data sets available under open-licence for use by others, unless this is prevented by legislation, UOW policy, or ethical, confidentiality or contractual requirements. Refer to the RDM Guidelines for further information on data licensing. If research data sets cannot be made openly available, it is recommended that research metadata be made available.",No,,"Yes, advised","Research Outputs should be forwarded to the University Library for deposit into the institutional repository at the time of publication, if an open access version is not already available.",Yes,No,,"Yes, required","Clause 7.3.g","Yes, required","Clause 7.2.c",No,No,No,No,No,,Incomplete
